comune;categoria;nome;indirizzo;telefono;sito_web;email;descrizione;sovracomunale;orario_testo;orario_lun;orario_mar;orario_mer;orario_gio;orario_ven;orario_sab;orario_dom;lat;lng
Pieve di Soligo;Sociale;Ufficio Servizi Sociali;Piazza Vittorio Emanuele II 1;0438985342;www.comune.pievedisoligo.tv.it;;Ufficio servizi sociali del Comune;no;;chiuso;chiuso;09:00-12:30;chiuso;15:00-17:30;chiuso;chiuso;;
Pieve di Soligo;Biblioteca;Biblioteca Comunale Giacomo e Maria Battistella;Piazza Vittorio Emanuele II 9;0438985380;https://tvb.bibliotechetrevigiane.it/;;Prestito libri e sala studio;no;;14:30-18:30;chiuso;08:30-12:30;14:30-18:30;14:30-18:30;08:30-12:30;chiuso;45.8830;12.1620
Pieve di Soligo;Istruzione;Asilo Nido Comunale;Via Battistella 1;0438985342;www.comune.pievedisoligo.tv.it;;Nido comunale;no;Apertura prevista da settembre 2027;;;;;;;;;
Pieve di Soligo;Istruzione;Scuola Primaria Andrea Zanzotto;Cal Santa 22;0438840666;icpieve.edu.it;;Scuola primaria;no;;08:00-16:00;08:00-16:00;08:00-16:00;08:00-16:00;08:00-13:00;chiuso;chiuso;;
Pieve di Soligo;Sociale;Sportello Informalavoro;Piazza Vittorio Emanuele II 1;3666031426;;;Informazione, supporto alla ricerca attiva e orientamento;si;Lunedì e giovedì 15-18, venerdì 9-13, solo su appuntamento;;;;;;;;;
Pieve di Soligo;Sociale;Centro Antiviolenza Stella Antares;Piazza Vittorio Emanuele II 1;3899134831;;;Spazio di ascolto per donne che vivono situazioni di maltrattamento e violenza;si;Giovedì 9.30-12.30, solo su appuntamento;;;;;;;;;
Farra di Soligo;Anagrafe;Ufficio Anagrafe Farra di Soligo;Piazza Marconi 1;0438898111;https://www.comune.farradisoligo.tv.it;anagrafe@comune.farradisoligo.tv.it;Sportello anagrafe, stato civile e carte d'identità;no;;09:00-13:00;09:00-13:00;09:00-13:00;09:00-13:00;09:00-13:00;chiuso;chiuso;45.8935;12.1456
Farra di Soligo;Biblioteca;Biblioteca Comunale di Farra di Soligo;Via Monchera 2;0438801234;;biblioteca@comune.farradisoligo.tv.it;Prestito libri, sala studio e attività per bambini;no;;15:00-18:30;chiuso;15:00-18:30;chiuso;15:00-18:30;09:00-12:00;chiuso;45.9073;12.1363
Sernaglia della Battaglia;Anagrafe;Ufficio Anagrafe Sernaglia della Battaglia;Piazza Martiri della Libertà 1;0438966611;https://www.comune.sernaglia.tv.it;anagrafe@comune.sernaglia.tv.it;Sportello anagrafe e stato civile;no;;08:30-12:30;08:30-12:30;08:30-12:30;08:30-12:30;08:30-12:30;chiuso;chiuso;45.8608;12.1706
Sernaglia della Battaglia;Sociale;Centro Giovani Sernaglia della Battaglia;Piazza Martiri della Libertà 10;3471058070;;sernagliagenerazionegiovani@comune.sernaglia.tv.it;Spazio educativo e ricreativo gratuito per ragazzi dai 10 ai 14 anni;no;;chiuso;chiuso;17:00-19:00;chiuso;chiuso;chiuso;chiuso;;
Pieve di Soligo;Istruzione;Scuola Primaria Papa Luciani Solighetto;Via Brigata Cadore 2;0438981015;icpieve.edu.it;;Scuola primaria;no;;;;;;;;;;
Pieve di Soligo;Istruzione;Scuola Primaria Don Milani Barbisano;Via Kennedy 17;0438840227;icpieve.edu.it;;Scuola primaria;no;;;;;;;;;;
Pieve di Soligo;Istruzione;Scuola Secondaria di I grado G. Toniolo;Via Giacomo Battistella 3;043882011;icpieve.edu.it;;Scuola secondaria di primo grado;no;;;;;;;;;;
Pieve di Soligo;Istruzione;ISISS Marco Casagrande;Via Stadio 7;0438/82967;isisspieve.edu.it;;Scuola secondaria di secondo grado: liceo scientifico, scienze umane, istituto tecnico;no;;;;;;;;;;
Pieve di Soligo;Istruzione;Nido integrato Il mio nido;Via Francesco Fabbri 38;0438/82616;www.infanzianidosolighetto.it;;Nido integrato;no;;;;;;;;;;
Pieve di Soligo;Istruzione;Micro nido Origami;Via Montello 63;0438/909025;;;Micro nido;no;;;;;;;;;;
Pieve di Soligo;Istruzione;Scuola dell'Infanzia Monumento ai Caduti;Via Francesco Fabbri 38;0438/82616;www.infanzianidosolighetto.it;;Scuola dell'infanzia paritaria;no;;;;;;;;;;
Pieve di Soligo;Istruzione;Doposcuola comunale;Cal Santa 22;0438/985342;www.comune.pievedisoligo.tv.it;;Servizio di doposcuola per primaria e secondaria di primo grado;no;Da ottobre a maggio: primaria dal lunedì al venerdì, secondaria lunedì, martedì e giovedì;;;;;;;;;
Pieve di Soligo;Sociale;Fondazione Casa per Anziani Onlus;Via Ospedale 7;0438/82290;www.fondazionecasaperanziani.it;;Casa di riposo per autosufficienti e non autosufficienti, centro diurno;no;;;;;;;;;;
Pieve di Soligo;Sociale;Centro di ascolto Caritas;Via San Martino 47;;;;Centro di ascolto e distribuzione alimenti;no;Sabato 9.30-11.30, mercoledì 20-22;;;;;;;;;
Pieve di Soligo;Sociale;Orti sociali;Cal Santa;0438/985342;www.comune.pievedisoligo.tv.it;;Orti sociali comunali;no;;;;;;;;;;
Pieve di Soligo;Sociale;Presidio riabilitativo La Nostra Famiglia;Via Monte Grappa 96;0438/9062;;;Unità per la riabilitazione neuropsicologica e centro di riabilitazione intensiva, ambulatoriale, domiciliare e diurno;no;Lunedì-venerdì 8.00-18.30, sabato 8.30-12.30;;;;;;;;;
